{
    "1": {
        "name": "Harry Potter",
        "house": "Griffend\u00e9l",
        "patronus": "\u0150z",
        "id": 1
    },
    "2": {
        "name": "Cedric Diggory",
        "house": "Hugrabug",
        "patronus": "L\u00f3",
        "id": 2
    },
    "3": {
        "name": "Ron Weasley",
        "house": "Griffend\u00e9l",
        "patronus": "Terrier",
        "id": 3
    },
    "4": {
        "name": "Neville Longbottom",
        "house": "Griffend\u00e9l",
        "patronus": "K\u00edgy\u00f3",
        "id": 4
    },
    "5": {
        "name": "Luna Lovegood",
        "house": "Holl\u00f3h\u00e1t",
        "patronus": "Ny\u00fal",
        "id": 5
    },
    "6": {
        "name": "Sebastian Sallow",
        "house": "Mardek\u00e1r",
        "patronus": "Mos\u00f3medve",
        "id": 6
    },
    "7": {
        "name": "Draco Malfoy",
        "house": "Mardek\u00e1r",
        "patronus": "Szajk\u00f3",
        "id": 7
    },
    "8": {
        "name": "Ginny Weasley",
        "house": "Griffend\u00e9l",
        "patronus": "L\u00f3",
        "id": 8
    }
}