{
    "fam1": {
        "name": "My beloved wife",
        "done": "0",
        "all": "3"
    },
    "fam2": {
        "name": "Grandfather",
        "done": "1",
        "all": "1"
    },
    "fam3": {
        "name": "Grandmother",
        "done": "0",
        "all": "0"
    },
    "fam4": {
        "name": "Sister",
        "done": "0",
        "all": "0"
    },
    "63a1ead73ef20": null,
    "63a1eb2886dc5": null,
    "63a1eb55d8670": "asd",
    "63a1eb8c95bdd": "asd",
    "63a1ec106b792": "asd",
    "63a1ec9ee4f6b": "asd",
    "63a1eca29e517": "asd",
    "63a1ed1b21986": "asd",
    "63a1edb57dd5b": "asd",
    "63a1ede3dde63": "asd",
    "63a1ee0125b63": "asd"
}