{
    "65730a7de5437": {
        "category": "Duplo",
        "set_number": "3333",
        "name": "duplo",
        "image_url": "https:\/\/images.brickset.com\/sets\/large\/42083-1.jpg?201806020310",
        "condition": "J\u00f3 \u00e1llapot",
        "archived": false,
        "id": "65730a7de5437"
    },
    "65730b5b98f2c": {
        "category": "Technic",
        "set_number": "2222",
        "name": "ghjjjj",
        "image_url": "",
        "condition": "Hi\u00e1nyos",
        "archived": true,
        "id": "65730b5b98f2c"
    },
    "65730b685ab0b": {
        "category": "Other",
        "set_number": "333112",
        "name": "alma",
        "image_url": "",
        "condition": "\u00daj",
        "archived": false,
        "id": "65730b685ab0b"
    }
}