{
    "6595c8673b65a": {
        "name": "Bloons TD 6",
        "id": "6595c8673b65a"
    },
    "6595c8673b661": {
        "name": "Hearts of Iron IV",
        "id": "6595c8673b661"
    },
    "6595c8673b662": {
        "name": "State of Decay 2",
        "id": "6595c8673b662"
    },
    "6595c8673b663": {
        "name": "Kerbal Space Program",
        "id": "6595c8673b663"
    },
    "6595c8673b664": {
        "name": "Cities: Skylines 2",
        "id": "6595c8673b664"
    },
    "6595c8673b666": {
        "name": "Crusader Kings III",
        "id": "6595c8673b666"
    }
}