{
    "785412369": {
        "fullname": "T\u00f3th Katalin",
        "taj": "785412369",
        "email": "katalin.toth@example.com",
        "age": 42,
        "gender": "f",
        "regdate": "2017-11-05",
        "notes": "Szeret olvasni a szabadidej\u00e9ben."
    },
    "176345555": {
        "fullname": "Trap Pista",
        "taj": "176345555",
        "email": "tpista@inf.elte.hu",
        "age": 27,
        "gender": "m",
        "regdate": "2021-04-27",
        "notes": ""
    },
    "369258147": {
        "fullname": "G\u00e1bor Kiss",
        "taj": "369258147",
        "email": "gabor.kiss@example.com",
        "age": 23,
        "gender": "m",
        "regdate": "2021-02-10",
        "notes": "\u00c9rdeklik a programoz\u00e1si nyelvek."
    }
}