{
    "6581e483f08ce": {
        "name": "Signal",
        "length": 882,
        "color": "green",
        "dangers": [
            "learners"
        ],
        "id": "6581e483f08ce"
    },
    "6581e48400470": {
        "name": "Combe Charbonni\u00e8re",
        "length": 3000,
        "color": "black",
        "dangers": [
            "ice",
            "accident"
        ],
        "id": "6581e48400470"
    },
    "659f2144bbebe": {
        "name": "asda",
        "length": "123",
        "color": "red",
        "dangers": [
            "ice",
            "fog"
        ],
        "id": "659f2144bbebe"
    },
    "659f283ee33ba": {
        "name": "eper",
        "length": "1234234",
        "color": "black",
        "dangers": [
            "learners",
            "ice",
            "fog",
            "accident"
        ],
        "id": "659f283ee33ba"
    }
}